pedigree;RNA_ID;candidate_g_japan
MITO932;102384R;F11(NM_000128.3): c.730C>T, p.(Gln244*)
MITO933;102385R;An mtDNA mutation, 14453G>A, in the NADH dehydrogenase subunit 
MITO934;102386R;
MITO935;102387R;
MITO936;102388R;
MITO937;102389R;DGUOK (NM_080916.2): c.353G>T, p.(Arg118Leu) and exon 2 deletion
MITO938;102390R;
MITO939;102391R;
MITO940;102392R;
MITO941;102393R;m.14453G>A, reported MELAS
MITO946;102860R;
MITO947;102864R;
MITO948;102874R;
MITO949;102875R;
MITO950;102876R;
MITO958;;600 kb heterozygous duplication
MITO959;103027R;
MITO960;;NDUFV2 (NM_021074.4): c.427C>T, p.(Arg143*) and c.580G>A, p.(Glu194Lys)
MITO961;;MT-TL1 (MELAS): m.3243A>G
MITO962;;SCN8A (NM_014191.3):c.2549G>A, p.(Arg850Gln)
MITO964;103165R;
MITO965;103166R;
MITO966;110443R;
MITO967;;
MITO968;;SLC25A4 (NM_001151.3):c.239G>A, p.(Arg80His)
MITO969;103170R;m.12311T>C, reported CPEO
MITO970;103171R;
MITO971;103172R;
MITO972;103173R;
MITO973;103174R;
MITO974;103175R;
MITO975;;SLC25A4 (NM_001151.3):c.238C>A, p.(Arg80Ser)
MITO976;;
MITO977;110444R;
MITO978;103180R;
MITO979;110445R;
MITO980;103182R;
MITO981;;KCNQ1 (OMIM: *607542), Long QT syndrom
MITO982;;SCN5A (NM_198056.2):c.1595T>G, p.(Phe532Cys)
MITO983;103185R;
MITO984;;
MITO985;;SYNGAP1: (NM_006772.2): c.3233_3236del, p.(Val1078Alafs*51)
MITO986;;
MITO987;110446R;
MITO988;103190R;
MITO989;110447R;
MITO990;103192R;
MITO991;;SARS (OMIM: *607529), Trisomy 21 patient
MITO992;110448R;Heterozygous deletion in NACC1
MITO993;;MT-ND6
MITO994;110449R;
MITO995;110450R;PC (OMIM: *608786), Pyruvate carboxylase deficiency
MITO996;103198R;
MITO997;103199R;
MITO998;103200R;
MITO999;;SURF1 (NM_003172.3): c.367_368delAG, p.(Arg123Glyfs*4)
MITO1000;;
MITO1001;103203R;
MITO1002;;
MITO1003;;STIM1 (NM_003156.3): c.326A>G, p.(His109Arg)
MITO1004;;
MITO1005;103207R;
MITO1006;103208R;
MITO1007;103209R;
MITO1008;103210R;
MITO1009;110451R;11q24.2 700 kb duplication
MITO1010;;CFTR (NM_000492.3): c.4357C>T, p.(Arg1453Trp)
MITO1011;103213R;
MITO1012;103214R;SDHA (OMIM: *600857), complex II deficiency
MITO1013;;
MITO1014;103216R;
MITO1015;103217R;IVD (OMIM: *607036), Isovaleric acidemia
MITO1016;;SON (NM_138927.2): c.3053delT, p.(Met1018Serfs*7)
MITO1017;103219R;
MITO1018;;
MITO1019;103221R;
MITO1020;;
MITO1021;103223R;
MITO1022;;
MITO1023;103225R;
MITO1024;;"PIGT (NM_015937.5):c.[250G>T];[256C>T],p.[Glu84*];[His86Tyr]"
MITO1025;;
MITO1026;;KCNQ3 1.5 Mb heteozygous Deletion
MITO1027;103229R;CARS2 (OMIM: *612800), Combined oxidative phosphorylation deficiency
MITO1030;103230R;COL1A1 (OMIM: +120150), Osteogenesis imperfecta
MITO1031;103231R;C10orf2 (OMIM: *606075), Mitochondrial DNA depletion syndrome
MITO1032;103232R;
MITO1033;;TRMT5 (OMIM: *611023),Combined oxidative phosphorylation deficiency
MITO1034;103234R;
MITO1035;;"SLC25A13 (NM_014251.2):c.852_855delTATG, p.(Met285Profs*2) and c.655T>A, p.(Tyr219Asn)"
MITO1036;;MT-TL1 (MELAS): m.3243A>G
MITO1037;110452R;
MITO1038;;ATRX (NM_000489.3):c.736C>T, p.(Arg246Cys)
MITO1039;103239R;
MITO1040;;
MITO1041;;
MITO1042;110453R;NDUFS7 (NM_024407.4): c.175C>T, p.(Arg59Trp) and c.506G>T, p.(Gly169Val)
MITO1043;;MED12 (OMIM: *300188), Ohdo syndrome, X-linked 
;;
;;
;;
;;
;;
;;
;;
;;
;;
;;
;;
;;